timeStamp,elapsed,label,responseCode,responseMessage,threadName,dataType,success,failureMessage,bytes,sentBytes,grpThreads,allThreads,URL,Latency,IdleTime,Connect
1691321737186,1601,HTTP Request,200,OK,Evaly 1-5,text,true,,140055,114,21,21,https://evaly.com.bd/,638,0,535
1691321736966,1844,HTTP Request,200,OK,Evaly 1-1,text,true,,140055,114,21,21,https://evaly.com.bd/,864,0,759
1691321736966,1859,HTTP Request,200,OK,Evaly 1-2,text,true,,140055,114,21,21,https://evaly.com.bd/,864,0,755
1691321737087,1778,HTTP Request,200,OK,Evaly 1-4,text,true,,140043,114,21,21,https://evaly.com.bd/,749,0,636
1691321736995,1892,HTTP Request,200,OK,Evaly 1-3,text,true,,140055,114,21,21,https://evaly.com.bd/,841,0,726
1691321737583,1379,HTTP Request,200,OK,Evaly 1-9,text,true,,140055,114,22,22,https://evaly.com.bd/,270,0,181
1691321737482,1480,HTTP Request,200,OK,Evaly 1-8,text,true,,140043,114,22,22,https://evaly.com.bd/,352,0,239
1691321737284,1681,HTTP Request,200,OK,Evaly 1-6,text,true,,140043,114,22,22,https://evaly.com.bd/,556,0,438
1691321737383,1629,HTTP Request,200,OK,Evaly 1-7,text,true,,140043,114,23,23,https://evaly.com.bd/,462,0,341
1691321737691,1485,HTTP Request,200,OK,Evaly 1-10,text,true,,140043,114,24,24,https://evaly.com.bd/,268,0,169
1691321737781,1788,HTTP Request,200,OK,Evaly 1-11,text,true,,140055,114,28,28,https://evaly.com.bd/,277,0,181
1691321737880,2161,HTTP Request,200,OK,Evaly 1-12,text,true,,140055,114,33,33,https://evaly.com.bd/,274,0,186
1691321737983,2530,HTTP Request,200,OK,Evaly 1-13,text,true,,140043,114,38,38,https://evaly.com.bd/,321,0,173
1691321738811,2068,HTTP Request,200,OK,Evaly 1-1,text,true,,140055,114,42,42,https://evaly.com.bd/,213,0,0
1691321738084,2957,HTTP Request,200,OK,Evaly 1-14,text,true,,140055,114,42,42,https://evaly.com.bd/,435,0,238
1691321738866,2178,HTTP Request,200,OK,Evaly 1-4,text,true,,140043,114,42,42,https://evaly.com.bd/,201,0,0
1691321738790,2255,HTTP Request,200,OK,Evaly 1-5,text,true,,140055,114,42,42,https://evaly.com.bd/,194,0,0
1691321738887,2288,HTTP Request,200,OK,Evaly 1-3,text,true,,140055,114,41,41,https://evaly.com.bd/,208,0,0
1691321738963,2299,HTTP Request,200,OK,Evaly 1-8,text,true,,140055,114,41,41,https://evaly.com.bd/,233,0,0
1691321738964,2304,HTTP Request,200,OK,Evaly 1-9,text,true,,140055,114,40,40,https://evaly.com.bd/,255,0,0
1691321738966,2346,HTTP Request,200,OK,Evaly 1-6,text,true,,140043,114,40,40,https://evaly.com.bd/,270,0,0
1691321739013,2440,HTTP Request,200,OK,Evaly 1-7,text,true,,140043,114,40,40,https://evaly.com.bd/,279,0,0
1691321738180,3290,HTTP Request,200,OK,Evaly 1-15,text,true,,140043,114,39,39,https://evaly.com.bd/,559,0,339
1691321739176,2362,HTTP Request,200,OK,Evaly 1-10,text,true,,140055,114,40,40,https://evaly.com.bd/,300,0,0
1691321738825,2883,HTTP Request,200,OK,Evaly 1-2,text,true,,140055,114,41,41,https://evaly.com.bd/,218,0,0
1691321738284,4021,HTTP Request,200,OK,Evaly 1-16,text,true,,140043,114,46,46,https://evaly.com.bd/,625,0,403
1691321738582,3927,HTTP Request,200,OK,Evaly 1-19,text,true,,140055,114,48,48,https://evaly.com.bd/,677,0,419
1691321738483,4286,HTTP Request,200,OK,Evaly 1-18,text,true,,140043,114,50,50,https://evaly.com.bd/,645,0,419
1691321738781,4102,HTTP Request,200,OK,Evaly 1-21,text,true,,140055,114,52,52,https://evaly.com.bd/,720,0,409
1691321739570,3428,HTTP Request,200,OK,Evaly 1-11,text,true,,140043,114,53,53,https://evaly.com.bd/,354,0,0
1691321738381,4630,HTTP Request,200,OK,Evaly 1-17,text,true,,140043,114,52,52,https://evaly.com.bd/,632,0,417
1691321738894,4196,HTTP Request,200,OK,Evaly 1-22,text,true,,140043,114,53,53,https://evaly.com.bd/,815,0,480
1691321740514,2688,HTTP Request,200,OK,Evaly 1-13,text,true,,140055,114,54,54,https://evaly.com.bd/,481,0,0
1691321740042,3504,HTTP Request,200,OK,Evaly 1-12,text,true,,140043,114,56,56,https://evaly.com.bd/,409,0,0
1691321739082,4472,HTTP Request,200,OK,Evaly 1-24,text,true,,140055,114,55,55,https://evaly.com.bd/,965,0,599
1691321738684,4999,HTTP Request,200,OK,Evaly 1-20,text,true,,140043,114,57,57,https://evaly.com.bd/,737,0,435
1691321739192,4653,HTTP Request,200,OK,Evaly 1-25,text,true,,140043,114,58,58,https://evaly.com.bd/,1048,0,645
1691321738989,5347,HTTP Request,200,OK,Evaly 1-23,text,true,,140055,114,63,63,https://evaly.com.bd/,886,0,540
1691321741042,3405,HTTP Request,200,OK,Evaly 1-14,text,true,,140055,114,64,64,https://evaly.com.bd/,430,0,0
1691321739481,4986,HTTP Request,200,OK,Evaly 1-28,text,true,,140043,114,63,63,https://evaly.com.bd/,1173,0,721
1691321739883,4590,HTTP Request,200,OK,Evaly 1-32,text,true,,140055,114,63,63,https://evaly.com.bd/,1341,0,856
1691321739783,5054,HTTP Request,200,OK,Evaly 1-31,text,true,,140043,114,67,67,https://evaly.com.bd/,1302,0,820
1691321740184,5003,HTTP Request,200,OK,Evaly 1-35,text,true,,140043,114,71,71,https://evaly.com.bd/,1344,0,906
1691321740283,4965,HTTP Request,200,OK,Evaly 1-36,text,true,,140043,114,71,71,https://evaly.com.bd/,1321,0,929
1691321741470,3941,HTTP Request,200,OK,Evaly 1-15,text,true,,140055,114,73,73,https://evaly.com.bd/,404,0,0
1691321739679,5732,HTTP Request,200,OK,Evaly 1-30,text,true,,140043,114,73,73,https://evaly.com.bd/,1288,0,806
1691321740880,5566,HTTP Request,200,OK,Evaly 1-42,text,true,,140043,114,82,82,https://evaly.com.bd/,1296,0,846
1691321740484,5968,HTTP Request,200,OK,Evaly 1-38,text,true,,140055,114,82,82,https://evaly.com.bd/,1291,0,889
1691321740082,6377,HTTP Request,200,OK,Evaly 1-34,text,true,,140055,114,82,82,https://evaly.com.bd/,1301,0,878
1691321739982,6527,HTTP Request,200,OK,Evaly 1-33,text,true,,140043,114,83,83,https://evaly.com.bd/,1335,0,873
1691321742884,3812,HTTP Request,200,OK,Evaly 1-21,text,true,,140055,114,85,85,https://evaly.com.bd/,483,0,0
1691321740381,6579,HTTP Request,200,OK,Evaly 1-37,text,true,,140043,114,86,86,https://evaly.com.bd/,1301,0,925
1691321739579,7751,HTTP Request,200,OK,Evaly 1-29,text,true,,140055,114,90,90,https://evaly.com.bd/,1191,0,737
1691321739286,8425,HTTP Request,200,OK,Evaly 1-26,text,true,,140055,114,94,94,https://evaly.com.bd/,1093,0,686
1691321743091,4708,HTTP Request,200,OK,Evaly 1-22,text,true,,140043,114,95,95,https://evaly.com.bd/,473,0,0
1691321739395,8432,HTTP Request,200,OK,Evaly 1-27,text,true,,140055,114,94,94,https://evaly.com.bd/,1131,0,704
1691321744468,3464,HTTP Request,200,OK,Evaly 1-28,text,true,,140055,114,95,95,https://evaly.com.bd/,466,0,0
1691321740584,7473,HTTP Request,200,OK,Evaly 1-39,text,true,,140043,114,95,95,https://evaly.com.bd/,1320,0,911
1691321742769,5361,HTTP Request,200,OK,Evaly 1-18,text,true,,140043,114,96,96,https://evaly.com.bd/,473,0,0
1691321743382,5177,HTTP Request,200,OK,Evaly 1-67,text,true,,140055,114,99,99,https://evaly.com.bd/,1405,0,940
1691321742383,6256,HTTP Request,200,OK,Evaly 1-57,text,true,,140055,114,100,100,https://evaly.com.bd/,1414,0,952
1691321742584,6185,HTTP Request,200,OK,Evaly 1-59,text,true,,140043,114,101,101,https://evaly.com.bd/,1428,0,959
1691321743581,5236,HTTP Request,200,OK,Evaly 1-69,text,true,,140055,114,102,102,https://evaly.com.bd/,1438,0,954
1691321741281,7871,HTTP Request,200,OK,Evaly 1-46,text,true,,140055,114,105,105,https://evaly.com.bd/,1292,0,805
1691321742306,6851,HTTP Request,200,OK,Evaly 1-16,text,true,,140043,114,105,105,https://evaly.com.bd/,485,0,0
1691321741480,7676,HTTP Request,200,OK,Evaly 1-48,text,true,,140055,114,105,105,https://evaly.com.bd/,1335,0,846
1691321741981,7252,HTTP Request,200,OK,Evaly 1-53,text,true,,140055,114,105,105,https://evaly.com.bd/,2368,0,969
1691321740686,8867,HTTP Request,200,OK,Evaly 1-40,text,true,,140055,114,108,108,https://evaly.com.bd/,1303,0,893
1691321743011,6688,HTTP Request,200,OK,Evaly 1-17,text,true,,140043,114,110,110,https://evaly.com.bd/,487,0,0
1691321742082,7679,HTTP Request,200,OK,Evaly 1-54,text,true,,140043,114,109,109,https://evaly.com.bd/,2031,0,952
1691321742509,7326,HTTP Request,200,OK,Evaly 1-19,text,true,,140043,114,110,110,https://evaly.com.bd/,498,0,0
1691321743282,6568,HTTP Request,200,OK,Evaly 1-66,text,true,,140043,114,109,109,https://evaly.com.bd/,1398,0,936
1691321743782,6240,HTTP Request,200,OK,Evaly 1-71,text,true,,140055,114,111,111,https://evaly.com.bd/,2454,0,1973
1691321740782,9710,HTTP Request,200,OK,Evaly 1-41,text,true,,140055,114,116,116,https://evaly.com.bd/,1302,0,874
1691321744838,5716,HTTP Request,200,OK,Evaly 1-31,text,true,,140043,114,116,116,https://evaly.com.bd/,481,0,0
1691321744337,6631,HTTP Request,200,OK,Evaly 1-23,text,true,,140043,114,119,119,https://evaly.com.bd/,470,0,0
1691321741779,9483,HTTP Request,200,OK,Evaly 1-51,text,true,,140055,114,121,121,https://evaly.com.bd/,1390,0,923
1691321742982,8516,HTTP Request,200,OK,Evaly 1-63,text,true,,140055,114,124,124,https://evaly.com.bd/,2417,0,1929
1691321742284,9877,HTTP Request,200,OK,Evaly 1-56,text,true,,140043,114,130,130,https://evaly.com.bd/,1403,0,932
1691321741882,10376,HTTP Request,200,OK,Evaly 1-52,text,true,,140055,114,131,131,https://evaly.com.bd/,3286,0,2796
1691321745188,7214,HTTP Request,200,OK,Evaly 1-35,text,true,,140043,114,133,133,https://evaly.com.bd/,1428,0,0
1691321740983,11775,HTTP Request,200,OK,Evaly 1-43,text,true,,140055,114,135,135,https://evaly.com.bd/,1290,0,830
1691321744681,8232,HTTP Request,200,OK,Evaly 1-80,text,true,,140055,114,137,137,https://evaly.com.bd/,3402,0,1974
1691321743555,9650,HTTP Request,200,OK,Evaly 1-24,text,true,,140043,114,140,140,https://evaly.com.bd/,486,0,0
1691321744582,8648,HTTP Request,200,OK,Evaly 1-79,text,true,,140055,114,139,139,https://evaly.com.bd/,2451,0,1961
1691321741181,12226,HTTP Request,200,OK,Evaly 1-45,text,true,,140055,114,141,141,https://evaly.com.bd/,1317,0,822
1691321744382,9103,HTTP Request,200,OK,Evaly 1-77,text,true,,140055,114,141,141,https://evaly.com.bd/,1422,0,932
1691321743682,9924,HTTP Request,200,OK,Evaly 1-70,text,true,,140043,114,143,143,https://evaly.com.bd/,2365,0,948
1691321745181,8565,HTTP Request,200,OK,Evaly 1-85,text,true,,140043,114,144,144,https://evaly.com.bd/,1426,0,947
1691321743981,9855,HTTP Request,200,OK,Evaly 1-73,text,true,,140055,114,145,145,https://evaly.com.bd/,1404,0,925
1691321746447,7411,HTTP Request,200,OK,Evaly 1-42,text,true,,140055,114,145,145,https://evaly.com.bd/,496,0,0
1691321743684,10191,HTTP Request,200,OK,Evaly 1-20,text,true,,140043,114,144,144,https://evaly.com.bd/,1428,0,0
1691321741381,12895,HTTP Request,200,OK,Evaly 1-47,text,true,,140043,114,147,147,https://evaly.com.bd/,1325,0,837
1691321741581,12816,HTTP Request,200,OK,Evaly 1-49,text,true,,140043,114,149,149,https://evaly.com.bd/,1342,0,868
1691321746382,8085,HTTP Request,200,OK,Evaly 1-97,text,true,,140043,114,149,149,https://evaly.com.bd/,1448,0,959
1691321742880,11886,HTTP Request,200,OK,Evaly 1-62,text,true,,140043,114,152,152,https://evaly.com.bd/,1435,0,942
1691321742685,12091,HTTP Request,200,OK,Evaly 1-60,text,true,,140043,114,152,152,https://evaly.com.bd/,3025,0,2532
1691321743181,11637,HTTP Request,200,OK,Evaly 1-65,text,true,,140055,114,153,153,https://evaly.com.bd/,1490,0,950
1691321743847,11009,HTTP Request,200,OK,Evaly 1-25,text,true,,140055,114,153,153,https://evaly.com.bd/,553,0,0
1691321746681,8294,HTTP Request,200,OK,Evaly 1-100,text,true,,140043,114,153,153,https://evaly.com.bd/,2102,0,1567
1691321743482,11582,HTTP Request,200,OK,Evaly 1-68,text,true,,140043,114,154,154,https://evaly.com.bd/,3261,0,2776
1691321745083,10154,HTTP Request,200,OK,Evaly 1-84,text,true,,140055,114,156,156,https://evaly.com.bd/,3402,0,1977
1691321749583,5945,HTTP Request,200,OK,Evaly 1-129,text,true,,140043,114,159,159,https://evaly.com.bd/,1474,0,984
1691321743081,12524,HTTP Request,200,OK,Evaly 1-64,text,true,,140043,114,160,160,https://evaly.com.bd/,1441,0,960
1691321745680,10067,HTTP Request,200,OK,Evaly 1-90,text,true,,140043,114,161,161,https://evaly.com.bd/,1433,0,950
1691321745411,10472,HTTP Request,200,OK,Evaly 1-30,text,true,,140043,114,162,162,https://evaly.com.bd/,498,0,0
1691321749083,6879,HTTP Request,200,OK,Evaly 1-124,text,true,,140055,114,162,162,https://evaly.com.bd/,1458,0,975
1691321745883,10095,HTTP Request,200,OK,Evaly 1-92,text,true,,140043,114,162,162,https://evaly.com.bd/,3395,0,2605
1691321741082,15178,HTTP Request,200,OK,Evaly 1-44,text,true,,140043,114,165,165,https://evaly.com.bd/,1311,0,835
1691321742197,14336,HTTP Request,200,OK,Evaly 1-55,text,true,,140055,114,168,168,https://evaly.com.bd/,2360,0,931
1691321750493,6163,HTTP Request,200,OK,Evaly 1-41,text,true,,140055,114,169,169,https://evaly.com.bd/,501,0,0
1691321742786,13960,HTTP Request,200,OK,Evaly 1-61,text,true,,140055,114,169,169,https://evaly.com.bd/,1516,0,938
1691321745780,11636,HTTP Request,200,OK,Evaly 1-91,text,true,,140043,114,176,176,https://evaly.com.bd/,2071,0,1578
1691321745249,12219,HTTP Request,200,OK,Evaly 1-36,text,true,,140055,114,176,176,https://evaly.com.bd/,3424,0,0
1691321742483,15265,HTTP Request,200,OK,Evaly 1-58,text,true,,140043,114,178,178,https://evaly.com.bd/,4962,0,4012
1691321745981,11912,HTTP Request,200,OK,Evaly 1-93,text,true,,140043,114,180,180,https://evaly.com.bd/,1433,0,945
1691321749851,8976,HTTP Request,200,OK,Evaly 1-66,text,true,,140043,114,189,189,https://evaly.com.bd/,488,0,0
1691321746185,12823,HTTP Request,200,OK,Evaly 1-95,text,true,,140055,114,190,190,https://evaly.com.bd/,1454,0,965
1691321746454,13976,HTTP Request,200,OK,Evaly 1-38,text,true,,140043,114,204,204,https://evaly.com.bd/,1747,0,0
1691321747681,12946,HTTP Request,200,OK,Evaly 1-110,text,true,,140043,114,205,205,https://evaly.com.bd/,2111,0,950
1691321744879,16007,HTTP Request,200,OK,Evaly 1-82,text,true,,140043,114,208,208,https://evaly.com.bd/,2019,0,1538
1691321747827,13706,HTTP Request,200,OK,Evaly 1-27,text,true,,140055,114,214,214,https://evaly.com.bd/,486,0,0
1691321750024,11517,HTTP Request,200,OK,Evaly 1-71,text,true,,140043,114,213,213,https://evaly.com.bd/,491,0,0
1691321752492,9242,HTTP Request,200,OK,Evaly 1-158,text,true,,140055,114,214,214,https://evaly.com.bd/,1438,0,965
1691321747182,14677,HTTP Request,200,OK,Evaly 1-105,text,true,,140055,114,215,215,https://evaly.com.bd/,1439,0,962
1691321746880,15145,HTTP Request,200,OK,Evaly 1-102,text,true,,140055,114,217,217,https://evaly.com.bd/,1452,0,963
1691321746584,15444,HTTP Request,200,OK,Evaly 1-99,text,true,,140055,114,217,217,https://evaly.com.bd/,3411,0,2925
1691321749284,12956,HTTP Request,200,OK,Evaly 1-126,text,true,,140055,114,219,219,https://evaly.com.bd/,1443,0,957
1691321744281,18429,HTTP Request,200,OK,Evaly 1-76,text,true,,140055,114,224,224,https://evaly.com.bd/,2347,0,930
1691321751893,11013,HTTP Request,200,OK,Evaly 1-152,text,true,,140055,114,226,226,https://evaly.com.bd/,2540,0,967
1691321747282,16047,HTTP Request,200,OK,Evaly 1-106,text,true,,140055,114,230,230,https://evaly.com.bd/,1448,0,959
1691321744081,19532,HTTP Request,200,OK,Evaly 1-74,text,true,,140043,114,233,233,https://evaly.com.bd/,4774,0,3825
1691321749153,14518,HTTP Request,200,OK,Evaly 1-46,text,true,,140055,114,233,233,https://evaly.com.bd/,474,0,0
1691321747081,16687,HTTP Request,200,OK,Evaly 1-104,text,true,,140055,114,233,233,https://evaly.com.bd/,5886,0,5397
1691321748818,15343,HTTP Request,200,OK,Evaly 1-69,text,true,,140043,114,237,237,https://evaly.com.bd/,2311,0,0
1691321754394,9815,HTTP Request,200,OK,Evaly 1-177,text,true,,140055,114,237,237,https://evaly.com.bd/,2056,0,1570
1691321748583,15823,HTTP Request,200,OK,Evaly 1-119,text,true,,140043,114,239,239,https://evaly.com.bd/,2381,0,962
1691321744981,19742,HTTP Request,200,OK,Evaly 1-83,text,true,,140043,114,242,242,https://evaly.com.bd/,3017,0,1575
1691321744480,20297,HTTP Request,200,OK,Evaly 1-78,text,true,,140043,114,242,242,https://evaly.com.bd/,2377,0,959
1691321743882,20959,HTTP Request,200,OK,Evaly 1-72,text,true,,140055,114,243,243,https://evaly.com.bd/,5403,0,3010
1691321752994,12035,HTTP Request,200,OK,Evaly 1-163,text,true,,140043,114,245,245,https://evaly.com.bd/,3121,0,2632
1691321745281,19748,HTTP Request,200,OK,Evaly 1-86,text,true,,140043,114,245,245,https://evaly.com.bd/,4875,0,3931
1691321748639,16442,HTTP Request,200,OK,Evaly 1-57,text,true,,140055,114,245,245,https://evaly.com.bd/,558,0,0
1691321746961,18140,HTTP Request,200,OK,Evaly 1-37,text,true,,140043,114,245,245,https://evaly.com.bd/,1534,0,0
1691321754819,10307,HTTP Request,200,OK,Evaly 1-65,text,true,,140043,114,244,244,https://evaly.com.bd/,489,0,0
1691321748482,17131,HTTP Request,200,OK,Evaly 1-118,text,true,,140043,114,248,248,https://evaly.com.bd/,3088,0,2599
1691321752259,13455,HTTP Request,200,OK,Evaly 1-52,text,true,,140055,114,249,249,https://evaly.com.bd/,480,0,0
1691321747781,17972,HTTP Request,200,OK,Evaly 1-111,text,true,,140055,114,248,248,https://evaly.com.bd/,6341,0,5380
1691321750488,15401,HTTP Request,200,OK,Evaly 1-138,text,true,,140055,114,249,249,https://evaly.com.bd/,2374,0,955
1691321747990,18087,HTTP Request,200,OK,Evaly 1-113,text,true,,140055,114,251,251,https://evaly.com.bd/,3887,0,1971
1691321748771,17464,HTTP Request,200,OK,Evaly 1-59,text,true,,140043,114,253,253,https://evaly.com.bd/,1982,0,0
1691321749183,17123,HTTP Request,200,OK,Evaly 1-125,text,true,,140055,114,253,253,https://evaly.com.bd/,1447,0,960
1691321751080,15293,HTTP Request,200,OK,Evaly 1-144,text,true,,140043,114,253,253,https://evaly.com.bd/,3864,0,1963
1691321745580,20825,HTTP Request,200,OK,Evaly 1-89,text,true,,140055,114,254,254,https://evaly.com.bd/,1428,0,938
1691321746282,20225,HTTP Request,200,OK,Evaly 1-96,text,true,,140043,114,255,255,https://evaly.com.bd/,1439,0,950
1691321757416,9100,HTTP Request,200,OK,Evaly 1-91,text,true,,140055,114,255,255,https://evaly.com.bd/,489,0,0
1691321755785,10856,HTTP Request,200,OK,Evaly 1-191,text,true,,140043,114,255,255,https://evaly.com.bd/,1458,0,962
1691321748981,17732,HTTP Request,200,OK,Evaly 1-123,text,true,,140055,114,256,256,https://evaly.com.bd/,1472,0,968
1691321745380,21659,HTTP Request,200,OK,Evaly 1-87,text,true,,140055,114,256,256,https://evaly.com.bd/,3077,0,2595
1691321748560,18921,HTTP Request,200,OK,Evaly 1-67,text,true,,140055,114,256,256,https://evaly.com.bd/,1558,0,0
1691321753388,14111,HTTP Request,200,OK,Evaly 1-167,text,true,,140043,114,255,255,https://evaly.com.bd/,2072,0,1581
1691321748882,18856,HTTP Request,200,OK,Evaly 1-122,text,true,,140043,114,255,255,https://evaly.com.bd/,5341,0,4380
1691321750093,17696,HTTP Request,200,OK,Evaly 1-134,text,true,,140055,114,255,255,https://evaly.com.bd/,4095,0,3608
1691321747581,20797,HTTP Request,200,OK,Evaly 1-109,text,true,,140043,114,255,255,https://evaly.com.bd/,3085,0,2598
1691321752091,16348,HTTP Request,200,OK,Evaly 1-154,text,true,,140043,114,255,255,https://evaly.com.bd/,2885,0,969
1691321747711,20795,HTTP Request,200,OK,Evaly 1-26,text,true,,140043,114,255,255,https://evaly.com.bd/,1428,0,0
1691321750291,18630,HTTP Request,200,OK,Evaly 1-136,text,true,,140043,114,254,254,https://evaly.com.bd/,2867,0,965
1691321748057,20879,HTTP Request,200,OK,Evaly 1-39,text,true,,140043,114,254,254,https://evaly.com.bd/,1436,0,0
1691321747881,21390,HTTP Request,200,OK,Evaly 1-112,text,true,,140055,114,253,253,https://evaly.com.bd/,3351,0,2865
1691321748081,21235,HTTP Request,200,OK,Evaly 1-114,text,true,,140043,114,253,253,https://evaly.com.bd/,4852,0,3897
1691321750593,18805,HTTP Request,200,OK,Evaly 1-139,text,true,,140043,114,253,253,https://evaly.com.bd/,4303,0,2886
1691321751192,18439,HTTP Request,200,OK,Evaly 1-145,text,true,,140055,114,253,253,https://evaly.com.bd/,3402,0,2918
1691321751492,18260,HTTP Request,200,OK,Evaly 1-148,text,true,,140043,114,253,253,https://evaly.com.bd/,2851,0,966
1691321747331,22474,HTTP Request,200,OK,Evaly 1-29,text,true,,140055,114,253,253,https://evaly.com.bd/,490,0,0
1691321746780,23304,HTTP Request,200,OK,Evaly 1-101,text,true,,140055,114,252,252,https://evaly.com.bd/,3479,0,1568
1691321750685,19587,HTTP Request,200,OK,Evaly 1-140,text,true,,140055,114,252,252,https://evaly.com.bd/,1459,0,970
1691321748791,21643,HTTP Request,200,OK,Evaly 1-121,text,true,,140055,114,252,252,https://evaly.com.bd/,4105,0,3626
1691321744474,25994,HTTP Request,200,OK,Evaly 1-32,text,true,,140043,114,252,252,https://evaly.com.bd/,1941,0,0
1691321756893,14249,HTTP Request,200,OK,Evaly 1-202,text,true,,140043,114,251,251,https://evaly.com.bd/,3017,0,1585
1691321756693,14497,HTTP Request,200,OK,Evaly 1-200,text,true,,140055,114,251,251,https://evaly.com.bd/,2404,0,968
1691321753836,17446,HTTP Request,200,OK,Evaly 1-73,text,true,,140043,114,251,251,https://evaly.com.bd/,484,0,0
1691321754183,17130,HTTP Request,200,OK,Evaly 1-175,text,true,,140055,114,250,250,https://evaly.com.bd/,2452,0,1961
1691321744180,27154,HTTP Request,200,OK,Evaly 1-75,text,true,,140055,114,250,250,https://evaly.com.bd/,8529,0,3924
1691321762095,9256,HTTP Request,200,OK,Evaly 1-254,text,true,,140055,114,250,250,https://evaly.com.bd/,1460,0,971
1691321756198,15438,HTTP Request,200,OK,Evaly 1-195,text,true,,140055,114,250,250,https://evaly.com.bd/,1498,0,966
1691321754777,16912,HTTP Request,200,OK,Evaly 1-60,text,true,,140043,114,250,250,https://evaly.com.bd/,1441,0,0
1691321760194,11519,HTTP Request,200,OK,Evaly 1-235,text,true,,140043,114,249,249,https://evaly.com.bd/,3403,0,1972
1691321755387,16342,HTTP Request,200,OK,Evaly 1-187,text,true,,140043,114,249,249,https://evaly.com.bd/,1476,0,957
1691321746081,26063,HTTP Request,200,OK,Evaly 1-94,text,true,,140043,114,249,249,https://evaly.com.bd/,5364,0,3931
1691321755894,16570,HTTP Request,200,OK,Evaly 1-192,text,true,,140043,114,249,249,https://evaly.com.bd/,2857,0,970
1691321753230,19291,HTTP Request,200,OK,Evaly 1-79,text,true,,140043,114,249,249,https://evaly.com.bd/,489,0,0
1691321749897,22748,HTTP Request,200,OK,Evaly 1-132,text,true,,140055,114,248,248,https://evaly.com.bd/,1948,0,968
1691321755529,17403,HTTP Request,200,OK,Evaly 1-129,text,true,,140055,114,248,248,https://evaly.com.bd/,494,0,0
1691321749554,23584,HTTP Request,200,OK,Evaly 1-40,text,true,,140043,114,247,247,https://evaly.com.bd/,2243,0,0
1691321753085,20438,HTTP Request,200,OK,Evaly 1-164,text,true,,140043,114,246,246,https://evaly.com.bd/,1444,0,977
1691321745480,28045,HTTP Request,200,OK,Evaly 1-88,text,true,,140055,114,246,246,https://evaly.com.bd/,2408,0,971
1691321757680,16059,HTTP Request,200,OK,Evaly 1-210,text,true,,140055,114,246,246,https://evaly.com.bd/,5288,0,4339
1691321757092,16687,HTTP Request,200,OK,Evaly 1-204,text,true,,140043,114,246,246,https://evaly.com.bd/,1457,0,969
1691321750183,23635,HTTP Request,200,OK,Evaly 1-135,text,true,,140055,114,246,246,https://evaly.com.bd/,3350,0,2863
1691321758294,15670,HTTP Request,200,OK,Evaly 1-216,text,true,,140055,114,246,246,https://evaly.com.bd/,1934,0,968
1691321753983,20158,HTTP Request,200,OK,Evaly 1-173,text,true,,140055,114,246,246,https://evaly.com.bd/,2377,0,960
1691321751293,22849,HTTP Request,200,OK,Evaly 1-146,text,true,,140055,114,246,246,https://evaly.com.bd/,3092,0,2602
1691321749681,24472,HTTP Request,200,OK,Evaly 1-130,text,true,,140043,114,246,246,https://evaly.com.bd/,3379,0,2893
1691321754793,19367,HTTP Request,200,OK,Evaly 1-181,text,true,,140055,114,246,246,https://evaly.com.bd/,1479,0,969
1691321756584,17590,HTTP Request,200,OK,Evaly 1-199,text,true,,140055,114,246,246,https://evaly.com.bd/,1441,0,957
1691321754884,19438,HTTP Request,200,OK,Evaly 1-182,text,true,,140043,114,246,246,https://evaly.com.bd/,4693,0,2630
1691321757181,17189,HTTP Request,200,OK,Evaly 1-205,text,true,,140043,114,246,246,https://evaly.com.bd/,3549,0,3054
1691321751582,23222,HTTP Request,200,OK,Evaly 1-149,text,true,,140043,114,246,246,https://evaly.com.bd/,2493,0,1984
1691321746510,28496,HTTP Request,200,OK,Evaly 1-33,text,true,,140043,114,246,246,https://evaly.com.bd/,485,0,0
1691321749382,25646,HTTP Request,200,OK,Evaly 1-127,text,true,,140055,114,245,245,https://evaly.com.bd/,6685,0,3842
1691321756293,18774,HTTP Request,200,OK,Evaly 1-196,text,true,,140043,114,245,245,https://evaly.com.bd/,3404,0,2911
1691321759995,15146,HTTP Request,200,OK,Evaly 1-233,text,true,,140055,114,245,245,https://evaly.com.bd/,3872,0,2913
1691321753784,21357,HTTP Request,200,OK,Evaly 1-171,text,true,,140055,114,245,245,https://evaly.com.bd/,1448,0,959
1691321757894,17257,HTTP Request,200,OK,Evaly 1-93,text,true,,140043,114,245,245,https://evaly.com.bd/,491,0,0
1691321744781,30817,HTTP Request,200,OK,Evaly 1-81,text,true,,140055,114,244,244,https://evaly.com.bd/,4517,0,2591
1691321751262,24447,HTTP Request,200,OK,Evaly 1-51,text,true,,140055,114,244,244,https://evaly.com.bd/,2154,0,0
1691321753408,22432,HTTP Request,200,OK,Evaly 1-45,text,true,,140043,114,243,243,https://evaly.com.bd/,497,0,0
1691321751385,24625,HTTP Request,200,OK,Evaly 1-147,text,true,,140055,114,242,242,https://evaly.com.bd/,7825,0,5392
1691321749986,26231,HTTP Request,200,OK,Evaly 1-133,text,true,,140043,114,242,242,https://evaly.com.bd/,5413,0,2627
1691321751782,24802,HTTP Request,200,OK,Evaly 1-151,text,true,,140055,114,242,242,https://evaly.com.bd/,3413,0,1979
1691321755747,21214,HTTP Request,200,OK,Evaly 1-90,text,true,,140043,114,242,242,https://evaly.com.bd/,2160,0,0
1691321747381,29629,HTTP Request,200,OK,Evaly 1-107,text,true,,140043,114,241,241,https://evaly.com.bd/,3393,0,2898
1691321763769,13423,HTTP Request,200,OK,Evaly 1-104,text,true,,140055,114,241,241,https://evaly.com.bd/,494,0,0
1691321754976,22245,HTTP Request,200,OK,Evaly 1-100,text,true,,140043,114,240,240,https://evaly.com.bd/,2219,0,0
1691321754468,22818,HTTP Request,200,OK,Evaly 1-97,text,true,,140043,114,239,239,https://evaly.com.bd/,2205,0,0
1691321746460,30840,HTTP Request,200,OK,Evaly 1-34,text,true,,140055,114,238,238,https://evaly.com.bd/,3993,0,0
1691321752890,24458,HTTP Request,200,OK,Evaly 1-162,text,true,,140043,114,237,237,https://evaly.com.bd/,3878,0,2919
1691321755963,21708,HTTP Request,200,OK,Evaly 1-124,text,true,,140055,114,237,237,https://evaly.com.bd/,1448,0,0
1691321748181,29574,HTTP Request,200,OK,Evaly 1-115,text,true,,140055,114,236,236,https://evaly.com.bd/,3044,0,2544
1691321749234,28629,HTTP Request,200,OK,Evaly 1-53,text,true,,140055,114,236,236,https://evaly.com.bd/,480,0,0
1691321757748,20127,HTTP Request,200,OK,Evaly 1-58,text,true,,140043,114,235,235,https://evaly.com.bd/,486,0,0
1691321753283,24735,HTTP Request,200,OK,Evaly 1-166,text,true,,140043,114,234,234,https://evaly.com.bd/,4784,0,2878
1691321754093,23995,HTTP Request,200,OK,Evaly 1-174,text,true,,140043,114,234,234,https://evaly.com.bd/,1433,0,943
1691321761734,16541,HTTP Request,200,OK,Evaly 1-158,text,true,,140043,114,234,234,https://evaly.com.bd/,5506,0,0
1691321752292,26181,HTTP Request,200,OK,Evaly 1-156,text,true,,140055,114,233,233,https://evaly.com.bd/,7262,0,2906
1691321749157,29585,HTTP Request,200,OK,Evaly 1-48,text,true,,140055,114,233,233,https://evaly.com.bd/,961,0,0
1691321761882,16878,HTTP Request,200,OK,Evaly 1-252,text,true,,140043,114,232,232,https://evaly.com.bd/,2059,0,1571
1691321752782,26035,HTTP Request,200,OK,Evaly 1-161,text,true,,140043,114,232,232,https://evaly.com.bd/,1448,0,960
1691321756260,22960,HTTP Request,200,OK,Evaly 1-44,text,true,,140055,114,232,232,https://evaly.com.bd/,961,0,0
1691321761186,18049,HTTP Request,200,OK,Evaly 1-245,text,true,,140043,114,231,231,https://evaly.com.bd/,1451,0,963
1691321756385,23161,HTTP Request,200,OK,Evaly 1-197,text,true,,140055,114,231,231,https://evaly.com.bd/,4474,0,3527
1691321746481,33134,HTTP Request,200,OK,Evaly 1-98,text,true,,140043,114,231,231,https://evaly.com.bd/,5135,0,2613
1691321765613,14140,HTTP Request,200,OK,Evaly 1-118,text,true,,140055,114,231,231,https://evaly.com.bd/,487,0,0
1691321756746,23103,HTTP Request,200,OK,Evaly 1-61,text,true,,140055,114,230,230,https://evaly.com.bd/,1471,0,0
1691321756533,23373,HTTP Request,200,OK,Evaly 1-55,text,true,,140043,114,229,229,https://evaly.com.bd/,492,0,0
1691321754767,25253,HTTP Request,200,OK,Evaly 1-62,text,true,,140055,114,228,228,https://evaly.com.bd/,3417,0,0
1691321765030,15049,HTTP Request,200,OK,Evaly 1-86,text,true,,140055,114,227,227,https://evaly.com.bd/,976,0,0
1691321752383,27720,HTTP Request,200,OK,Evaly 1-157,text,true,,140055,114,226,226,https://evaly.com.bd/,4500,0,2607
1691321757984,22153,HTTP Request,200,OK,Evaly 1-213,text,true,,140043,114,226,226,https://evaly.com.bd/,2044,0,1560
1691321765890,14299,HTTP Request,200,OK,Evaly 1-138,text,true,,140055,114,226,226,https://evaly.com.bd/,501,0,0
1691321766642,13978,HTTP Request,200,OK,Evaly 1-191,text,true,,140055,114,225,225,https://evaly.com.bd/,485,0,0
1691321763881,16892,HTTP Request,200,OK,Evaly 1-272,text,true,,140055,114,224,224,https://evaly.com.bd/,1449,0,962
1691321755985,24918,HTTP Request,200,OK,Evaly 1-193,text,true,,140043,114,224,224,https://evaly.com.bd/,2063,0,1572
1691321752707,28217,HTTP Request,200,OK,Evaly 1-160,text,true,,140043,114,224,224,https://evaly.com.bd/,1444,0,959
1691321748683,32336,HTTP Request,200,OK,Evaly 1-120,text,true,,140043,114,224,224,https://evaly.com.bd/,7924,0,3610
1691321750380,30837,HTTP Request,200,OK,Evaly 1-137,text,true,,140043,114,224,224,https://evaly.com.bd/,2398,0,962
1691321753893,27363,HTTP Request,200,OK,Evaly 1-172,text,true,,140043,114,224,224,https://evaly.com.bd/,3839,0,2876
1691321760882,20388,HTTP Request,200,OK,Evaly 1-242,text,true,,140055,114,224,224,https://evaly.com.bd/,9333,0,7898
1691321750992,30396,HTTP Request,200,OK,Evaly 1-143,text,true,,140043,114,224,224,https://evaly.com.bd/,4208,0,2650
1691321765030,16484,HTTP Request,200,OK,Evaly 1-163,text,true,,140055,114,224,224,https://evaly.com.bd/,2170,0,0
1691321755095,26467,HTTP Request,200,OK,Evaly 1-184,text,true,,140043,114,223,223,https://evaly.com.bd/,3946,0,2048
1691321759596,22013,HTTP Request,200,OK,Evaly 1-229,text,true,,140055,114,223,223,https://evaly.com.bd/,1451,0,965
1691321764188,17871,HTTP Request,200,OK,Evaly 1-275,text,true,,140043,114,223,223,https://evaly.com.bd/,4923,0,2045
1691321741680,40459,HTTP Request,200,OK,Evaly 1-50,text,true,,140043,114,223,223,https://evaly.com.bd/,10451,0,6680
1691321760283,21906,HTTP Request,200,OK,Evaly 1-236,text,true,,140055,114,223,223,https://evaly.com.bd/,2403,0,963
1691321769752,12467,HTTP Request,200,OK,Evaly 1-148,text,true,,140055,114,223,223,https://evaly.com.bd/,3330,0,0
1691321752583,29686,HTTP Request,200,OK,Evaly 1-159,text,true,,140055,114,222,222,https://evaly.com.bd/,1462,0,961
1691321755237,27101,HTTP Request,200,OK,Evaly 1-84,text,true,,140043,114,222,222,https://evaly.com.bd/,491,0,0
1691321764881,17736,HTTP Request,200,OK,Evaly 1-282,text,true,,140043,114,221,221,https://evaly.com.bd/,2632,0,2002
1691321757394,25285,HTTP Request,200,OK,Evaly 1-207,text,true,,140055,114,221,221,https://evaly.com.bd/,3588,0,3038
1691321757787,24932,HTTP Request,200,OK,Evaly 1-211,text,true,,140055,114,221,221,https://evaly.com.bd/,7847,0,5934
1691321762696,20148,HTTP Request,200,OK,Evaly 1-260,text,true,,140043,114,221,221,https://evaly.com.bd/,5119,0,4156
1691321761860,21027,HTTP Request,200,OK,Evaly 1-105,text,true,,140043,114,221,221,https://evaly.com.bd/,503,0,0
1691321754682,28208,HTTP Request,200,OK,Evaly 1-180,text,true,,140055,114,220,220,https://evaly.com.bd/,2558,0,2052
1691321761796,21190,HTTP Request,200,OK,Evaly 1-251,text,true,,140055,114,220,220,https://evaly.com.bd/,4829,0,3391
1691321751499,31726,HTTP Request,200,OK,Evaly 1-63,text,true,,140043,114,220,220,https://evaly.com.bd/,1924,0,0
1691321762907,20631,HTTP Request,200,OK,Evaly 1-152,text,true,,140055,114,219,219,https://evaly.com.bd/,496,0,0
1691321763988,19586,HTTP Request,200,OK,Evaly 1-273,text,true,,140055,114,218,218,https://evaly.com.bd/,1458,0,965
1691321767788,15906,HTTP Request,200,OK,Evaly 1-134,text,true,,140055,114,218,218,https://evaly.com.bd/,1429,0,0
1691321759195,24644,HTTP Request,200,OK,Evaly 1-225,text,true,,140043,114,217,217,https://evaly.com.bd/,5511,0,4071
1691321755584,28393,HTTP Request,200,OK,Evaly 1-189,text,true,,140055,114,217,217,https://evaly.com.bd/,4046,0,2598
1691321755606,28390,HTTP Request,200,OK,Evaly 1-64,text,true,,140055,114,217,217,https://evaly.com.bd/,968,0,0
1691321763089,21028,HTTP Request,Non HTTP response code: org.apache.http.conn.HttpHostConnectException,Non HTTP response message: Connect to evaly.com.bd:443 [evaly.com.bd/20.198.204.162] failed: Connection timed out: connect,Evaly 1-264,text,false,,2753,0,216,216,https://evaly.com.bd/,0,0,21028
1691321763180,21024,HTTP Request,Non HTTP response code: org.apache.http.conn.HttpHostConnectException,Non HTTP response message: Connect to evaly.com.bd:443 [evaly.com.bd/20.198.204.162] failed: Connection timed out: connect,Evaly 1-265,text,false,,2753,0,216,216,https://evaly.com.bd/,0,0,21024
1691321765692,18606,HTTP Request,200,OK,Evaly 1-290,text,true,,140043,114,216,216,https://evaly.com.bd/,1603,0,959
1691321764779,19532,HTTP Request,200,OK,Evaly 1-78,text,true,,140055,114,216,216,https://evaly.com.bd/,2159,0,0
1691321753486,30839,HTTP Request,200,OK,Evaly 1-77,text,true,,140055,114,215,215,https://evaly.com.bd/,1448,0,0
1691321761989,22431,HTTP Request,200,OK,Evaly 1-253,text,true,,140043,114,214,214,https://evaly.com.bd/,2382,0,959
1691321760681,23926,HTTP Request,200,OK,Evaly 1-240,text,true,,140043,114,214,214,https://evaly.com.bd/,9118,0,1571
1691321758383,26348,HTTP Request,200,OK,Evaly 1-217,text,true,,140055,114,214,214,https://evaly.com.bd/,3106,0,2617
1691321764788,20137,HTTP Request,200,OK,Evaly 1-281,text,true,,140043,114,214,214,https://evaly.com.bd/,5230,0,2897
1691321759795,25136,HTTP Request,200,OK,Evaly 1-231,text,true,,140055,114,214,214,https://evaly.com.bd/,7914,0,6486
1691321755493,29547,HTTP Request,200,OK,Evaly 1-188,text,true,,140043,114,214,214,https://evaly.com.bd/,2070,0,1578
1691321762026,23045,HTTP Request,200,OK,Evaly 1-102,text,true,,140043,114,214,214,https://evaly.com.bd/,967,0,0
1691321761384,23717,HTTP Request,200,OK,Evaly 1-247,text,true,,140055,114,213,213,https://evaly.com.bd/,2893,0,969
1691321767737,17370,HTTP Request,200,OK,Evaly 1-122,text,true,,140043,114,213,213,https://evaly.com.bd/,1463,0,0
1691321766288,18898,HTTP Request,200,OK,Evaly 1-296,text,true,,140043,114,212,212,https://evaly.com.bd/,1629,0,964
1691321750883,34303,HTTP Request,200,OK,Evaly 1-142,text,true,,140055,114,212,212,https://evaly.com.bd/,6315,0,3927
1691321757594,27692,HTTP Request,200,OK,Evaly 1-209,text,true,,140055,114,212,212,https://evaly.com.bd/,2404,0,970
1691321763396,21938,HTTP Request,200,OK,Evaly 1-267,text,true,,140055,114,212,212,https://evaly.com.bd/,5601,0,4511
1691321760627,24719,HTTP Request,200,OK,Evaly 1-110,text,true,,140043,114,212,212,https://evaly.com.bd/,497,0,0
1691321757485,27950,HTTP Request,200,OK,Evaly 1-208,text,true,,140055,114,211,211,https://evaly.com.bd/,5448,0,2593
1691321758795,26678,HTTP Request,200,OK,Evaly 1-221,text,true,,140055,114,211,211,https://evaly.com.bd/,4107,0,2655
1691321764724,21059,HTTP Request,200,OK,Evaly 1-83,text,true,,140055,114,211,211,https://evaly.com.bd/,967,0,0
1691321758996,26826,HTTP Request,200,OK,Evaly 1-223,text,true,,140055,114,210,210,https://evaly.com.bd/,4619,0,3178
1691321764388,21479,HTTP Request,200,OK,Evaly 1-277,text,true,,140043,114,210,210,https://evaly.com.bd/,9861,0,7960
1691321758688,27199,HTTP Request,200,OK,Evaly 1-220,text,true,,140043,114,210,210,https://evaly.com.bd/,5901,0,4936
1691321766391,19520,HTTP Request,200,OK,Evaly 1-144,text,true,,140043,114,210,210,https://evaly.com.bd/,6951,0,0
1691321762496,23516,HTTP Request,200,OK,Evaly 1-258,text,true,,140043,114,209,209,https://evaly.com.bd/,5887,0,3016
1691321758493,27569,HTTP Request,200,OK,Evaly 1-218,text,true,,140055,114,209,209,https://evaly.com.bd/,9661,0,7272
1691321766687,19394,HTTP Request,200,OK,Evaly 1-300,text,true,,140055,114,209,209,https://evaly.com.bd/,1450,0,959
1691321761295,24813,HTTP Request,200,OK,Evaly 1-246,text,true,,140055,114,209,209,https://evaly.com.bd/,2370,0,953
1691321753693,32452,HTTP Request,200,OK,Evaly 1-170,text,true,,140055,114,209,209,https://evaly.com.bd/,4085,0,3597
1691321762711,23622,HTTP Request,200,OK,Evaly 1-76,text,true,,140043,114,209,209,https://evaly.com.bd/,487,0,0
1691321759887,26518,HTTP Request,200,OK,Evaly 1-232,text,true,,140055,114,208,208,https://evaly.com.bd/,4100,0,3611
1691321771350,15075,HTTP Request,200,OK,Evaly 1-254,text,true,,140055,114,208,208,https://evaly.com.bd/,1446,0,0
1691321756981,29515,HTTP Request,200,OK,Evaly 1-203,text,true,,140043,114,207,207,https://evaly.com.bd/,5440,0,3046
1691321774322,12285,HTTP Request,200,OK,Evaly 1-182,text,true,,140043,114,207,207,https://evaly.com.bd/,489,0,0
1691321762029,24615,HTTP Request,200,OK,Evaly 1-99,text,true,,140055,114,206,206,https://evaly.com.bd/,495,0,0
1691321769270,17391,HTTP Request,200,OK,Evaly 1-112,text,true,,140043,114,205,205,https://evaly.com.bd/,1092,0,0
1691321754487,32197,HTTP Request,200,OK,Evaly 1-178,text,true,,140043,114,204,204,https://evaly.com.bd/,4795,0,2893
1691321767498,19185,HTTP Request,200,OK,Evaly 1-167,text,true,,140055,114,204,204,https://evaly.com.bd/,494,0,0
1691321762589,24214,HTTP Request,200,OK,Evaly 1-259,text,true,,140043,114,203,203,https://evaly.com.bd/,4006,0,2074
1691321766306,20551,HTTP Request,200,OK,Evaly 1-125,text,true,,140055,114,203,203,https://evaly.com.bd/,496,0,0
1691321771636,15258,HTTP Request,200,OK,Evaly 1-195,text,true,,140043,114,202,202,https://evaly.com.bd/,494,0,0
1691321765383,21644,HTTP Request,200,OK,Evaly 1-287,text,true,,140043,114,201,201,https://evaly.com.bd/,6409,0,4432
1691321760496,26653,HTTP Request,200,OK,Evaly 1-238,text,true,,140043,114,201,201,https://evaly.com.bd/,7937,0,6985
1691321769631,17635,HTTP Request,200,OK,Evaly 1-145,text,true,,140043,114,201,201,https://evaly.com.bd/,491,0,0
1691321756093,31204,HTTP Request,200,OK,Evaly 1-194,text,true,,140055,114,200,200,https://evaly.com.bd/,2050,0,1558
1691321755188,32192,HTTP Request,200,OK,Evaly 1-185,text,true,,140055,114,200,200,https://evaly.com.bd/,9134,0,4459
1691321755978,31460,HTTP Request,200,OK,Evaly 1-92,text,true,,140043,114,200,200,https://evaly.com.bd/,3417,0,0
1691321765754,21718,HTTP Request,200,OK,Evaly 1-111,text,true,,140055,114,199,199,https://evaly.com.bd/,2135,0,0
1691321759087,28438,HTTP Request,200,OK,Evaly 1-224,text,true,,140043,114,198,198,https://evaly.com.bd/,4426,0,3475
1691321752758,34816,HTTP Request,200,OK,Evaly 1-43,text,true,,140055,114,198,198,https://evaly.com.bd/,489,0,0
1691321753746,33976,HTTP Request,200,OK,Evaly 1-85,text,true,,140043,114,197,197,https://evaly.com.bd/,1430,0,0
1691321765583,22232,HTTP Request,200,OK,Evaly 1-289,text,true,,140055,114,196,196,https://evaly.com.bd/,3414,0,1980
1691321757287,30561,HTTP Request,200,OK,Evaly 1-206,text,true,,140043,114,196,196,https://evaly.com.bd/,2556,0,2064
1691321755065,32806,HTTP Request,200,OK,Evaly 1-68,text,true,,140055,114,196,196,https://evaly.com.bd/,484,0,0
1691321759010,28993,HTTP Request,200,OK,Evaly 1-95,text,true,,140055,114,195,195,https://evaly.com.bd/,2183,0,0
1691321760886,27170,HTTP Request,200,OK,Evaly 1-82,text,true,,140043,114,194,194,https://evaly.com.bd/,486,0,0
1691321763682,24483,HTTP Request,200,OK,Evaly 1-270,text,true,,140043,114,193,193,https://evaly.com.bd/,2462,0,1973
1691321759380,28852,HTTP Request,200,OK,Evaly 1-227,text,true,,140055,114,193,193,https://evaly.com.bd/,5812,0,3886
1691321768439,19841,HTTP Request,200,OK,Evaly 1-154,text,true,,140055,114,193,193,https://evaly.com.bd/,4652,0,0
1691321780137,8172,HTTP Request,200,OK,Evaly 1-213,text,true,,140043,114,192,192,https://evaly.com.bd/,963,0,0
1691321763613,24836,HTTP Request,200,OK,Evaly 1-74,text,true,,140055,114,191,191,https://evaly.com.bd/,488,0,0
1691321754276,34465,HTTP Request,200,OK,Evaly 1-47,text,true,,140055,114,190,190,https://evaly.com.bd/,490,0,0
1691321766183,22802,HTTP Request,200,OK,Evaly 1-295,text,true,,140055,114,189,189,https://evaly.com.bd/,2066,0,1576
1691321766405,22589,HTTP Request,200,OK,Evaly 1-89,text,true,,140043,114,189,189,https://evaly.com.bd/,1756,0,0
1691321754398,34629,HTTP Request,200,OK,Evaly 1-49,text,true,,140043,114,188,188,https://evaly.com.bd/,497,0,0
1691321775600,13441,HTTP Request,200,OK,Evaly 1-81,text,true,,140043,114,187,187,https://evaly.com.bd/,1450,0,0
1691321755296,33881,HTTP Request,200,OK,Evaly 1-186,text,true,,140055,114,186,186,https://evaly.com.bd/,7550,0,6592
1691321758887,30327,HTTP Request,200,OK,Evaly 1-222,text,true,,140043,114,186,186,https://evaly.com.bd/,1457,0,966
1691321771713,17518,HTTP Request,200,OK,Evaly 1-235,text,true,,140043,114,186,186,https://evaly.com.bd/,1451,0,0
1691321755693,33562,HTTP Request,200,OK,Evaly 1-190,text,true,,140043,114,185,185,https://evaly.com.bd/,2993,0,1572
1691321765097,24572,HTTP Request,200,OK,Evaly 1-284,text,true,,140043,114,185,185,https://evaly.com.bd/,8451,0,7026
1691321756494,33329,HTTP Request,200,OK,Evaly 1-198,text,true,,140055,114,185,185,https://evaly.com.bd/,3014,0,1584
1691321772145,17902,HTTP Request,200,OK,Evaly 1-94,text,true,,140055,114,185,185,https://evaly.com.bd/,489,0,0
1691321759686,30376,HTTP Request,200,OK,Evaly 1-230,text,true,,140043,114,184,184,https://evaly.com.bd/,4547,0,2620
1691321762896,27228,HTTP Request,200,OK,Evaly 1-262,text,true,,140055,114,184,184,https://evaly.com.bd/,6135,0,3032
1691321756785,33349,HTTP Request,200,OK,Evaly 1-201,text,true,,140043,114,184,184,https://evaly.com.bd/,16249,0,13330
1691321763329,26883,HTTP Request,200,OK,Evaly 1-106,text,true,,140043,114,184,184,https://evaly.com.bd/,488,0,0
1691321765295,25043,HTTP Request,200,OK,Evaly 1-286,text,true,,140043,114,183,183,https://evaly.com.bd/,4324,0,2895
1691321751984,38550,HTTP Request,200,OK,Evaly 1-153,text,true,,140043,114,183,183,https://evaly.com.bd/,14149,0,12724
1691321763286,27302,HTTP Request,200,OK,Evaly 1-266,text,true,,140043,114,183,183,https://evaly.com.bd/,5554,0,2611
1691321767039,23654,HTTP Request,200,OK,Evaly 1-87,text,true,,140055,114,183,183,https://evaly.com.bd/,2416,0,0
1691321748391,42401,HTTP Request,200,OK,Evaly 1-117,text,true,,140043,114,182,182,https://evaly.com.bd/,2485,0,956
1691321777756,13101,HTTP Request,200,OK,Evaly 1-115,text,true,,140055,114,182,182,https://evaly.com.bd/,490,0,0
1691321773966,17061,HTTP Request,200,OK,Evaly 1-216,text,true,,140055,114,181,181,https://evaly.com.bd/,493,0,0
1691321783575,7678,HTTP Request,200,OK,Evaly 1-273,text,true,,140043,114,180,180,https://evaly.com.bd/,491,0,0
1691321768921,22474,HTTP Request,200,OK,Evaly 1-136,text,true,,140043,114,179,179,https://evaly.com.bd/,488,0,0
1691321764081,27402,HTTP Request,200,OK,Evaly 1-274,text,true,,140043,114,178,178,https://evaly.com.bd/,1520,0,960
1691321765782,25712,HTTP Request,200,OK,Evaly 1-291,text,true,,140055,114,178,178,https://evaly.com.bd/,7834,0,6401
1691321764211,27392,HTTP Request,200,OK,Evaly 1-177,text,true,,140055,114,178,178,https://evaly.com.bd/,485,0,0
1691321777011,14671,HTTP Request,200,OK,Evaly 1-107,text,true,,140055,114,177,177,https://evaly.com.bd/,1455,0,0
1691321775141,16680,HTTP Request,200,OK,Evaly 1-233,text,true,,140055,114,176,176,https://evaly.com.bd/,3278,0,0
1691321764281,27677,HTTP Request,200,OK,Evaly 1-276,text,true,,140043,114,175,175,https://evaly.com.bd/,6382,0,5418
1691321775029,16941,HTTP Request,200,OK,Evaly 1-127,text,true,,140043,114,175,175,https://evaly.com.bd/,483,0,0
1691321774804,17175,HTTP Request,200,OK,Evaly 1-149,text,true,,140055,114,174,174,https://evaly.com.bd/,2079,0,0
1691321773818,18241,HTTP Request,200,OK,Evaly 1-135,text,true,,140055,114,173,173,https://evaly.com.bd/,481,0,0
1691321763595,28602,HTTP Request,200,OK,Evaly 1-269,text,true,,140043,114,172,172,https://evaly.com.bd/,5737,0,3838
1691321771333,20875,HTTP Request,200,OK,Evaly 1-75,text,true,,140043,114,172,172,https://evaly.com.bd/,2132,0,0
1691321764842,27442,HTTP Request,200,OK,Evaly 1-72,text,true,,140043,114,171,171,https://evaly.com.bd/,2130,0,0
1691321747481,44803,HTTP Request,200,OK,Evaly 1-108,text,true,,140043,114,171,171,https://evaly.com.bd/,3385,0,2892
1691321765493,26904,HTTP Request,200,OK,Evaly 1-288,text,true,,140043,114,170,170,https://evaly.com.bd/,5878,0,4922
1691321762295,30113,HTTP Request,200,OK,Evaly 1-256,text,true,,140055,114,170,170,https://evaly.com.bd/,2378,0,955
1691321758581,33846,HTTP Request,200,OK,Evaly 1-219,text,true,,140043,114,170,170,https://evaly.com.bd/,15369,0,3636
1691321758183,34384,HTTP Request,200,OK,Evaly 1-215,text,true,,140055,114,170,170,https://evaly.com.bd/,2993,0,1567
1691321766078,26694,HTTP Request,200,OK,Evaly 1-113,text,true,,140043,114,170,170,https://evaly.com.bd/,2584,0,0
1691321774142,18818,HTTP Request,200,OK,Evaly 1-173,text,true,,140055,114,169,169,https://evaly.com.bd/,982,0,0
1691321775068,18159,HTTP Request,200,OK,Evaly 1-196,text,true,,140043,114,168,168,https://evaly.com.bd/,1660,0,0
1691321760082,33205,HTTP Request,200,OK,Evaly 1-234,text,true,,140043,114,167,167,https://evaly.com.bd/,8392,0,7440
1691321771141,22171,HTTP Request,200,OK,Evaly 1-202,text,true,,140055,114,167,167,https://evaly.com.bd/,495,0,0
1691321768378,24990,HTTP Request,200,OK,Evaly 1-109,text,true,,140043,114,166,166,https://evaly.com.bd/,1447,0,0
1691321763485,30089,HTTP Request,200,OK,Evaly 1-268,text,true,,140055,114,165,165,https://evaly.com.bd/,6378,0,3948
1691321773739,19965,HTTP Request,200,OK,Evaly 1-210,text,true,,140043,114,165,165,https://evaly.com.bd/,488,0,0
1691321771314,22480,HTTP Request,200,OK,Evaly 1-175,text,true,,140043,114,164,164,https://evaly.com.bd/,484,0,0
1691321770272,23586,HTTP Request,200,OK,Evaly 1-140,text,true,,140043,114,163,163,https://evaly.com.bd/,3375,0,0
1691321769397,24666,HTTP Request,200,OK,Evaly 1-139,text,true,,140055,114,162,162,https://evaly.com.bd/,488,0,0
1691321782190,11975,HTTP Request,200,OK,Evaly 1-236,text,true,,140043,114,161,161,https://evaly.com.bd/,1458,0,0
1691321772647,21523,HTTP Request,200,OK,Evaly 1-132,text,true,,140055,114,160,160,https://evaly.com.bd/,978,0,0
1691321776217,18106,HTTP Request,200,OK,Evaly 1-133,text,true,,140043,114,159,159,https://evaly.com.bd/,2859,0,0
1691321779236,15097,HTTP Request,200,OK,Evaly 1-245,text,true,,140055,114,158,158,https://evaly.com.bd/,967,0,0
1691321782269,12087,HTTP Request,200,OK,Evaly 1-159,text,true,,140043,114,157,157,https://evaly.com.bd/,991,0,0
1691321765983,28373,HTTP Request,200,OK,Evaly 1-293,text,true,,140055,114,157,157,https://evaly.com.bd/,3864,0,2914
1691321762243,32156,HTTP Request,200,OK,Evaly 1-126,text,true,,140055,114,156,156,https://evaly.com.bd/,484,0,0
1691321780774,13670,HTTP Request,200,OK,Evaly 1-272,text,true,,140055,114,155,155,https://evaly.com.bd/,1903,0,0
1691321764988,29531,HTTP Request,200,OK,Evaly 1-283,text,true,,140043,114,154,154,https://evaly.com.bd/,7247,0,5827
1691321781257,13398,HTTP Request,200,OK,Evaly 1-172,text,true,,140043,114,154,154,https://evaly.com.bd/,3936,0,0
1691321787298,7368,HTTP Request,200,OK,Evaly 1-194,text,true,,140043,114,153,153,https://evaly.com.bd/,486,0,0
1691321759288,35442,HTTP Request,200,OK,Evaly 1-226,text,true,,140055,114,152,152,https://evaly.com.bd/,8364,0,6945
1691321766487,28401,HTTP Request,200,OK,Evaly 1-298,text,true,,140043,114,152,152,https://evaly.com.bd/,2542,0,2052
1691321766715,28299,HTTP Request,200,OK,Evaly 1-123,text,true,,140055,114,152,152,https://evaly.com.bd/,2314,0,0
1691321773780,21248,HTTP Request,200,OK,Evaly 1-204,text,true,,140043,114,151,151,https://evaly.com.bd/,967,0,0
1691321772465,22594,HTTP Request,200,OK,Evaly 1-192,text,true,,140043,114,150,150,https://evaly.com.bd/,1439,0,0
1691321776584,18504,HTTP Request,200,OK,Evaly 1-151,text,true,,140055,114,149,149,https://evaly.com.bd/,970,0,0
1691321774160,20993,HTTP Request,200,OK,Evaly 1-181,text,true,,140043,114,148,148,https://evaly.com.bd/,2199,0,0
1691321787380,7992,HTTP Request,200,OK,Evaly 1-185,text,true,,140055,114,147,147,https://evaly.com.bd/,492,0,0
1691321758093,37450,HTTP Request,200,OK,Evaly 1-214,text,true,,140043,114,146,146,https://evaly.com.bd/,2991,0,1569
1691321766092,29958,HTTP Request,200,OK,Evaly 1-294,text,true,,140055,114,146,146,https://evaly.com.bd/,15530,0,4062
1691321759486,36717,HTTP Request,200,OK,Evaly 1-228,text,true,,140043,114,146,146,https://evaly.com.bd/,1442,0,959
1691321770083,26141,HTTP Request,200,OK,Evaly 1-101,text,true,,140055,114,146,146,https://evaly.com.bd/,2133,0,0
1691321761686,34539,HTTP Request,200,OK,Evaly 1-250,text,true,,140043,114,146,146,https://evaly.com.bd/,7498,0,4335
1691321752181,44091,HTTP Request,200,OK,Evaly 1-155,text,true,,140055,114,145,145,https://evaly.com.bd/,26744,0,25320
1691321784299,12045,HTTP Request,200,OK,Evaly 1-290,text,true,,140043,114,145,145,https://evaly.com.bd/,487,0,0
1691321774143,22299,HTTP Request,200,OK,Evaly 1-146,text,true,,140043,114,144,144,https://evaly.com.bd/,975,0,0
1691321762187,34351,HTTP Request,200,OK,Evaly 1-255,text,true,,140043,114,143,143,https://evaly.com.bd/,2449,0,1962
1691321762786,33860,HTTP Request,200,OK,Evaly 1-261,text,true,,140043,114,143,143,https://evaly.com.bd/,5920,0,3997
1691321773526,23161,HTTP Request,200,OK,Evaly 1-88,text,true,,140043,114,143,143,https://evaly.com.bd/,1106,0,0
1691321773523,23361,HTTP Request,200,OK,Evaly 1-164,text,true,,140043,114,142,142,https://evaly.com.bd/,962,0,0
1691321785103,11883,HTTP Request,200,OK,Evaly 1-247,text,true,,140055,114,141,141,https://evaly.com.bd/,492,0,0
1691321749483,47544,HTTP Request,200,OK,Evaly 1-128,text,true,,140055,114,140,140,https://evaly.com.bd/,17559,0,13213
1691321786012,11180,HTTP Request,200,OK,Evaly 1-258,text,true,,140055,114,140,140,https://evaly.com.bd/,1513,0,0
1691321785823,11414,HTTP Request,200,OK,Evaly 1-223,text,true,,140043,114,139,139,https://evaly.com.bd/,1218,0,0
1691321781270,15996,HTTP Request,200,OK,Evaly 1-242,text,true,,140055,114,138,138,https://evaly.com.bd/,491,0,0
1691321762983,34327,HTTP Request,200,OK,Evaly 1-263,text,true,,140043,114,137,137,https://evaly.com.bd/,6364,0,2047
1691321771730,25595,HTTP Request,200,OK,Evaly 1-187,text,true,,140055,114,137,137,https://evaly.com.bd/,484,0,0
1691321785286,12078,HTTP Request,200,OK,Evaly 1-209,text,true,,140043,114,136,136,https://evaly.com.bd/,489,0,0
1691321787150,10222,HTTP Request,200,OK,Evaly 1-238,text,true,,140055,114,135,135,https://evaly.com.bd/,495,0,0
1691321782891,14739,HTTP Request,200,OK,Evaly 1-180,text,true,,140043,114,134,134,https://evaly.com.bd/,479,0,0
1691321783839,13792,HTTP Request,200,OK,Evaly 1-225,text,true,,140055,114,133,133,https://evaly.com.bd/,492,0,0
1691321785438,12276,HTTP Request,200,OK,Evaly 1-208,text,true,,140055,114,132,132,https://evaly.com.bd/,489,0,0
1691321782720,15165,HTTP Request,200,OK,Evaly 1-211,text,true,,140043,114,131,131,https://evaly.com.bd/,488,0,0
1691321776010,21924,HTTP Request,200,OK,Evaly 1-147,text,true,,140055,114,130,130,https://evaly.com.bd/,1479,0,0
1691321786684,11371,HTTP Request,200,OK,Evaly 1-178,text,true,,140055,114,129,129,https://evaly.com.bd/,487,0,0
1691321752914,45195,HTTP Request,200,OK,Evaly 1-80,text,true,,140043,114,128,128,https://evaly.com.bd/,486,0,0
1691321765893,32278,HTTP Request,200,OK,Evaly 1-292,text,true,,140055,114,127,127,https://evaly.com.bd/,1928,0,959
1691321784925,13264,HTTP Request,200,OK,Evaly 1-281,text,true,,140055,114,127,127,https://evaly.com.bd/,1447,0,0
1691321778760,19572,HTTP Request,200,OK,Evaly 1-252,text,true,,140055,114,126,126,https://evaly.com.bd/,3773,0,0
1691321753589,44820,HTTP Request,200,OK,Evaly 1-169,text,true,,140055,114,125,125,https://evaly.com.bd/,20881,0,12443
1691321781020,17539,HTTP Request,200,OK,Evaly 1-120,text,true,,140043,114,125,125,https://evaly.com.bd/,2247,0,0
1691321786804,11782,HTTP Request,200,OK,Evaly 1-259,text,true,,140055,114,124,124,https://evaly.com.bd/,1650,0,0
1691321778474,20128,HTTP Request,200,OK,Evaly 1-156,text,true,,140043,114,123,123,https://evaly.com.bd/,488,0,0
1691321784120,14490,HTTP Request,200,OK,Evaly 1-264,text,true,,140043,114,122,122,https://evaly.com.bd/,2878,0,961
1691321753494,45149,HTTP Request,200,OK,Evaly 1-168,text,true,,140055,114,121,121,https://evaly.com.bd/,2068,0,970
1691321785337,13343,HTTP Request,200,OK,Evaly 1-267,text,true,,140043,114,121,121,https://evaly.com.bd/,490,0,0
1691321784608,14175,HTTP Request,200,OK,Evaly 1-240,text,true,,140043,114,120,120,https://evaly.com.bd/,2854,0,0
1691321750793,48080,HTTP Request,200,OK,Evaly 1-141,text,true,,140043,114,119,119,https://evaly.com.bd/,1442,0,954
1691321769316,29564,HTTP Request,200,OK,Evaly 1-114,text,true,,140055,114,119,119,https://evaly.com.bd/,7454,0,0
1691321766598,32293,HTTP Request,200,OK,Evaly 1-299,text,true,,140055,114,118,118,https://evaly.com.bd/,8021,0,7074
1691321761081,37907,HTTP Request,200,OK,Evaly 1-244,text,true,,140043,114,118,118,https://evaly.com.bd/,13936,0,11919
1691321782140,16930,HTTP Request,200,OK,Evaly 1-50,text,true,,140055,114,118,118,https://evaly.com.bd/,492,0,0
1691321761581,37619,HTTP Request,200,OK,Evaly 1-249,text,true,,140055,114,117,117,https://evaly.com.bd/,7703,0,4833
1691321778818,20460,HTTP Request,200,OK,Evaly 1-161,text,true,,140043,114,117,117,https://evaly.com.bd/,2443,0,0
1691321753193,46157,HTTP Request,200,OK,Evaly 1-165,text,true,,140055,114,116,116,https://evaly.com.bd/,4900,0,3937
1691321786108,13269,HTTP Request,200,OK,Evaly 1-246,text,true,,140055,114,116,116,https://evaly.com.bd/,492,0,0
1691321785888,13558,HTTP Request,200,OK,Evaly 1-220,text,true,,140055,114,115,115,https://evaly.com.bd/,978,0,0
1691321782059,17422,HTTP Request,200,OK,Evaly 1-275,text,true,,140043,114,114,114,https://evaly.com.bd/,492,0,0
1691321782845,16824,HTTP Request,200,OK,Evaly 1-260,text,true,,140055,114,113,113,https://evaly.com.bd/,491,0,0
1691321780904,18842,HTTP Request,200,OK,Evaly 1-193,text,true,,140055,114,112,112,https://evaly.com.bd/,2454,0,0
1691321780925,18829,HTTP Request,200,OK,Evaly 1-160,text,true,,140055,114,111,111,https://evaly.com.bd/,494,0,0
1691321786062,13755,HTTP Request,200,OK,Evaly 1-218,text,true,,140043,114,110,110,https://evaly.com.bd/,483,0,0
1691321766394,33426,HTTP Request,200,OK,Evaly 1-297,text,true,,140055,114,109,109,https://evaly.com.bd/,6348,0,3938
1691321760392,39536,HTTP Request,200,OK,Evaly 1-237,text,true,,140043,114,109,109,https://evaly.com.bd/,3514,0,2066
1691321782619,17487,HTTP Request,200,OK,Evaly 1-282,text,true,,140043,114,109,109,https://evaly.com.bd/,488,0,0
1691321775141,24994,HTTP Request,200,OK,Evaly 1-171,text,true,,140043,114,108,108,https://evaly.com.bd/,493,0,0
1691321760792,39358,HTTP Request,200,OK,Evaly 1-241,text,true,,140043,114,107,107,https://evaly.com.bd/,7970,0,6994
1691321763792,36419,HTTP Request,200,OK,Evaly 1-271,text,true,,140043,114,107,107,https://evaly.com.bd/,25940,0,24979
1691321785474,14792,HTTP Request,200,OK,Evaly 1-221,text,true,,140043,114,107,107,https://evaly.com.bd/,500,0,0
1691321790124,10249,HTTP Request,200,OK,Evaly 1-262,text,true,,140043,114,106,106,https://evaly.com.bd/,1984,0,0
1691321764483,35921,HTTP Request,200,OK,Evaly 1-278,text,true,,140043,114,105,105,https://evaly.com.bd/,6632,0,3624
1691321789670,10762,HTTP Request,200,OK,Evaly 1-284,text,true,,140055,114,105,105,https://evaly.com.bd/,1441,0,0
1691321790135,10361,HTTP Request,200,OK,Evaly 1-201,text,true,,140055,114,104,104,https://evaly.com.bd/,1667,0,0
1691321778019,22482,HTTP Request,200,OK,Evaly 1-166,text,true,,140055,114,103,103,https://evaly.com.bd/,483,0,0
1691321786146,14444,HTTP Request,200,OK,Evaly 1-170,text,true,,140043,114,102,102,https://evaly.com.bd/,546,0,0
1691321778089,22710,HTTP Request,200,OK,Evaly 1-174,text,true,,140055,114,101,101,https://evaly.com.bd/,1438,0,0
1691321790792,10013,HTTP Request,200,OK,Evaly 1-117,text,true,,140043,114,100,100,https://evaly.com.bd/,1110,0,0
1691321764591,36261,HTTP Request,200,OK,Evaly 1-279,text,true,,140043,114,99,99,https://evaly.com.bd/,25880,0,24470
1691321774175,26788,HTTP Request,200,OK,Evaly 1-199,text,true,,140055,114,99,99,https://evaly.com.bd/,1447,0,0
1691321774370,26748,HTTP Request,200,OK,Evaly 1-205,text,true,,140055,114,98,98,https://evaly.com.bd/,488,0,0
1691321783977,17148,HTTP Request,200,OK,Evaly 1-189,text,true,,140043,114,97,97,https://evaly.com.bd/,2158,0,0
1691321788986,12165,HTTP Request,200,OK,Evaly 1-295,text,true,,140055,114,96,96,https://evaly.com.bd/,969,0,0
1691321782680,18471,HTTP Request,200,OK,Evaly 1-207,text,true,,140055,114,96,96,https://evaly.com.bd/,967,0,0
1691321791495,10103,HTTP Request,200,OK,Evaly 1-291,text,true,,140055,114,94,94,https://evaly.com.bd/,488,0,0
1691321793574,8080,HTTP Request,200,OK,Evaly 1-268,text,true,,140055,114,93,93,https://evaly.com.bd/,1505,0,0
1691321789214,12529,HTTP Request,200,OK,Evaly 1-222,text,true,,140043,114,92,92,https://evaly.com.bd/,2230,0,0
1691321785868,15917,HTTP Request,200,OK,Evaly 1-277,text,true,,140055,114,91,91,https://evaly.com.bd/,482,0,0
1691321765187,36681,HTTP Request,200,OK,Evaly 1-285,text,true,,140043,114,90,90,https://evaly.com.bd/,6255,0,3871
1691321779617,22263,HTTP Request,200,OK,Evaly 1-98,text,true,,140055,114,90,90,https://evaly.com.bd/,959,0,0
1691321751692,50231,HTTP Request,200,OK,Evaly 1-150,text,true,,140043,114,89,89,https://evaly.com.bd/,7253,0,2581
1691321757894,44052,HTTP Request,200,OK,Evaly 1-212,text,true,,140055,114,89,89,https://evaly.com.bd/,3355,0,2868
1691321764682,37379,HTTP Request,200,OK,Evaly 1-280,text,true,,140043,114,89,89,https://evaly.com.bd/,5501,0,4540
1691321787815,14274,HTTP Request,200,OK,Evaly 1-289,text,true,,140043,114,89,89,https://evaly.com.bd/,494,0,0
1691321781610,20505,HTTP Request,200,OK,Evaly 1-229,text,true,,140055,114,88,88,https://evaly.com.bd/,964,0,0
1691321790338,11826,HTTP Request,200,OK,Evaly 1-286,text,true,,140043,114,87,87,https://evaly.com.bd/,488,0,0
1691321781218,21102,HTTP Request,200,OK,Evaly 1-137,text,true,,140055,114,86,86,https://evaly.com.bd/,1459,0,0
1691321770433,32008,HTTP Request,200,OK,Evaly 1-121,text,true,,140055,114,85,85,https://evaly.com.bd/,2157,0,0
1691321795542,6903,HTTP Request,200,OK,Evaly 1-214,text,true,,140043,114,84,84,https://evaly.com.bd/,481,0,0
1691321784421,18097,HTTP Request,200,OK,Evaly 1-253,text,true,,140055,114,83,83,https://evaly.com.bd/,490,0,0
1691321792427,10187,HTTP Request,200,OK,Evaly 1-219,text,true,,140043,114,82,82,https://evaly.com.bd/,2161,0,0
1691321784732,17883,HTTP Request,200,OK,Evaly 1-217,text,true,,140055,114,82,82,https://evaly.com.bd/,967,0,0
1691321784932,17846,HTTP Request,200,OK,Evaly 1-231,text,true,,140043,114,80,80,https://evaly.com.bd/,1436,0,0
1691321761492,41421,HTTP Request,200,OK,Evaly 1-248,text,true,,140055,114,79,79,https://evaly.com.bd/,8059,0,6615
1691321771189,31728,HTTP Request,200,OK,Evaly 1-200,text,true,,140055,114,79,79,https://evaly.com.bd/,492,0,0
1691321786081,16912,HTTP Request,200,OK,Evaly 1-300,text,true,,140043,114,78,78,https://evaly.com.bd/,2177,0,0
1691321780103,22960,HTTP Request,200,OK,Evaly 1-157,text,true,,140043,114,77,77,https://evaly.com.bd/,4058,0,0
1691321785041,18041,HTTP Request,200,OK,Evaly 1-188,text,true,,140055,114,76,76,https://evaly.com.bd/,496,0,0
1691321800211,2896,HTTP Request,200,OK,Evaly 1-271,text,true,,140055,114,75,75,https://evaly.com.bd/,480,0,0
1691321790588,12655,HTTP Request,200,OK,Evaly 1-266,text,true,,140055,114,74,74,https://evaly.com.bd/,1582,0,0
1691321777350,25981,HTTP Request,200,OK,Evaly 1-162,text,true,,140043,114,73,73,https://evaly.com.bd/,495,0,0
1691321794518,8864,HTTP Request,200,OK,Evaly 1-283,text,true,,140043,114,72,72,https://evaly.com.bd/,488,0,0
1691321790535,12955,HTTP Request,200,OK,Evaly 1-153,text,true,,140043,114,71,71,https://evaly.com.bd/,965,0,0
1691321798872,4675,HTTP Request,200,OK,Evaly 1-141,text,true,,140043,114,70,70,https://evaly.com.bd/,482,0,0
1691321764407,39320,HTTP Request,200,OK,Evaly 1-119,text,true,,140043,114,69,69,https://evaly.com.bd/,481,0,0
1691321788165,15564,HTTP Request,200,OK,Evaly 1-270,text,true,,140055,114,68,68,https://evaly.com.bd/,492,0,0
1691321766507,37238,HTTP Request,200,OK,Evaly 1-96,text,true,,140055,114,67,67,https://evaly.com.bd/,2677,0,0
1691321749782,53976,HTTP Request,200,OK,Evaly 1-131,text,true,,140055,114,66,66,https://evaly.com.bd/,6827,0,3921
1691321786405,17414,HTTP Request,200,OK,Evaly 1-232,text,true,,140055,114,66,66,https://evaly.com.bd/,485,0,0
1691321760595,43250,HTTP Request,200,OK,Evaly 1-239,text,true,,140055,114,65,65,https://evaly.com.bd/,27055,0,25105
1691321774153,29727,HTTP Request,200,OK,Evaly 1-130,text,true,,140043,114,65,65,https://evaly.com.bd/,2868,0,0
1691321784205,19701,HTTP Request,200,OK,Evaly 1-265,text,true,,140055,114,64,64,https://evaly.com.bd/,3474,0,2052
1691321799349,4650,HTTP Request,200,OK,Evaly 1-165,text,true,,140055,114,63,63,https://evaly.com.bd/,487,0,0
1691321782987,21018,HTTP Request,200,OK,Evaly 1-251,text,true,,140055,114,62,62,https://evaly.com.bd/,490,0,0
1691321789823,14197,HTTP Request,200,OK,Evaly 1-198,text,true,,140055,114,61,61,https://evaly.com.bd/,976,0,0
1691321798987,5072,HTTP Request,200,OK,Evaly 1-244,text,true,,140043,114,60,60,https://evaly.com.bd/,479,0,0
1691321801868,2215,HTTP Request,200,OK,Evaly 1-285,text,true,,140055,114,59,59,https://evaly.com.bd/,457,0,0
1691321791957,12132,HTTP Request,200,OK,Evaly 1-276,text,true,,140043,114,58,58,https://evaly.com.bd/,482,0,0
1691321799819,4370,HTTP Request,200,OK,Evaly 1-297,text,true,,140043,114,57,57,https://evaly.com.bd/,491,0,0
1691321779547,24685,HTTP Request,200,OK,Evaly 1-197,text,true,,140043,114,56,56,https://evaly.com.bd/,952,0,0
1691321792396,11860,HTTP Request,200,OK,Evaly 1-288,text,true,,140055,114,55,55,https://evaly.com.bd/,1076,0,0
1691321785187,19194,HTTP Request,200,OK,Evaly 1-142,text,true,,140055,114,54,54,https://evaly.com.bd/,1457,0,0
1691321781388,23034,HTTP Request,200,OK,Evaly 1-143,text,true,,140043,114,53,53,https://evaly.com.bd/,1469,0,0
1691321752161,52290,HTTP Request,200,OK,Evaly 1-56,text,true,,140043,114,52,52,https://evaly.com.bd/,2631,0,0
1691321785187,19278,HTTP Request,200,OK,Evaly 1-296,text,true,,140043,114,51,51,https://evaly.com.bd/,1478,0,0
1691321798171,6389,HTTP Request,200,OK,Evaly 1-292,text,true,,140043,114,50,50,https://evaly.com.bd/,476,0,0
1691321792284,12452,HTTP Request,200,OK,Evaly 1-108,text,true,,140043,114,49,49,https://evaly.com.bd/,982,0,0
1691321798408,6402,HTTP Request,200,OK,Evaly 1-169,text,true,,140055,114,48,48,https://evaly.com.bd/,496,0,0
1691321798643,6301,HTTP Request,200,OK,Evaly 1-168,text,true,,140055,114,47,47,https://evaly.com.bd/,493,0,0
1691321799199,5762,HTTP Request,200,OK,Evaly 1-249,text,true,,140043,114,46,46,https://evaly.com.bd/,491,0,0
1691321791483,13605,HTTP Request,200,OK,Evaly 1-274,text,true,,140055,114,45,45,https://evaly.com.bd/,973,0,0
1691321796203,8887,HTTP Request,200,OK,Evaly 1-228,text,true,,140055,114,44,44,https://evaly.com.bd/,490,0,0
1691321794887,10222,HTTP Request,200,OK,Evaly 1-298,text,true,,140055,114,43,43,https://evaly.com.bd/,490,0,0
1691321800404,4733,HTTP Request,200,OK,Evaly 1-278,text,true,,140055,114,42,42,https://evaly.com.bd/,475,0,0
1691321746982,58183,HTTP Request,200,OK,Evaly 1-103,text,true,,140043,114,41,41,https://evaly.com.bd/,4189,0,958
1691321801922,3267,HTTP Request,200,OK,Evaly 1-150,text,true,,140043,114,41,41,https://evaly.com.bd/,487,0,0
1691321788232,16967,HTTP Request,200,OK,Evaly 1-227,text,true,,140043,114,40,40,https://evaly.com.bd/,1102,0,0
1691321796050,9185,HTTP Request,200,OK,Evaly 1-294,text,true,,140043,114,39,39,https://evaly.com.bd/,491,0,0
1691321803758,1483,HTTP Request,200,OK,Evaly 1-131,text,true,,140043,114,38,38,https://evaly.com.bd/,381,0,0
1691321800852,4568,HTTP Request,200,OK,Evaly 1-279,text,true,,140055,114,37,37,https://evaly.com.bd/,478,0,0
1691321796225,9244,HTTP Request,200,OK,Evaly 1-250,text,true,,140055,114,36,36,https://evaly.com.bd/,490,0,0
1691321754594,50904,HTTP Request,200,OK,Evaly 1-179,text,true,,140043,114,35,35,https://evaly.com.bd/,2404,0,969
1691321787848,17659,HTTP Request,200,OK,Evaly 1-206,text,true,,140043,114,35,35,https://evaly.com.bd/,488,0,0
1691321794729,10844,HTTP Request,200,OK,Evaly 1-226,text,true,,140055,114,34,34,https://evaly.com.bd/,490,0,0
1691321792196,13399,HTTP Request,200,OK,Evaly 1-269,text,true,,140055,114,33,33,https://evaly.com.bd/,518,0,0
1691321787525,18134,HTTP Request,200,OK,Evaly 1-224,text,true,,140043,114,32,32,https://evaly.com.bd/,965,0,0
1691321787028,18641,HTTP Request,200,OK,Evaly 1-287,text,true,,140043,114,31,31,https://evaly.com.bd/,2872,0,0
1691321790063,15635,HTTP Request,200,OK,Evaly 1-230,text,true,,140055,114,30,30,https://evaly.com.bd/,2454,0,0
1691321797310,8404,HTTP Request,200,OK,Evaly 1-263,text,true,,140043,114,29,29,https://evaly.com.bd/,961,0,0
1691321781563,24179,HTTP Request,200,OK,Evaly 1-184,text,true,,140043,114,28,28,https://evaly.com.bd/,489,0,0
1691321789178,16603,HTTP Request,200,OK,Evaly 1-186,text,true,,140055,114,27,27,https://evaly.com.bd/,2133,0,0
1691321792566,13215,HTTP Request,200,OK,Evaly 1-215,text,true,,140055,114,27,27,https://evaly.com.bd/,1621,0,0
1691321789255,16645,HTTP Request,200,OK,Evaly 1-190,text,true,,140055,114,25,25,https://evaly.com.bd/,2168,0,0
1691321794355,11551,HTTP Request,200,OK,Evaly 1-293,text,true,,140055,114,24,24,https://evaly.com.bd/,483,0,0
1691321798891,7127,HTTP Request,200,OK,Evaly 1-299,text,true,,140055,114,23,23,https://evaly.com.bd/,485,0,0
1691321796646,9378,HTTP Request,200,OK,Evaly 1-261,text,true,,140055,114,22,22,https://evaly.com.bd/,965,0,0
1691321802062,3971,HTTP Request,200,OK,Evaly 1-280,text,true,,140043,114,21,21,https://evaly.com.bd/,489,0,0
1691321796539,9515,HTTP Request,200,OK,Evaly 1-255,text,true,,140043,114,20,20,https://evaly.com.bd/,1444,0,0
1691321786497,19558,HTTP Request,200,OK,Evaly 1-203,text,true,,140055,114,20,20,https://evaly.com.bd/,1091,0,0
1691321796272,9937,HTTP Request,200,OK,Evaly 1-155,text,true,,140043,114,18,18,https://evaly.com.bd/,1438,0,0
1691321803846,2466,HTTP Request,200,OK,Evaly 1-239,text,true,,140055,114,17,17,https://evaly.com.bd/,398,0,0
1691321793286,13042,HTTP Request,200,OK,Evaly 1-234,text,true,,140043,114,16,16,https://evaly.com.bd/,959,0,0
1691321800149,6182,HTTP Request,200,OK,Evaly 1-241,text,true,,140043,114,15,15,https://evaly.com.bd/,473,0,0
1691321797026,9332,HTTP Request,200,OK,Evaly 1-128,text,true,,140043,114,14,14,https://evaly.com.bd/,965,0,0
1691321802914,3514,HTTP Request,200,OK,Evaly 1-248,text,true,,140043,114,13,13,https://evaly.com.bd/,478,0,0
1691321801945,4562,HTTP Request,200,OK,Evaly 1-212,text,true,,140055,114,12,12,https://evaly.com.bd/,482,0,0
1691321799928,6710,HTTP Request,200,OK,Evaly 1-237,text,true,,140043,114,11,11,https://evaly.com.bd/,491,0,0
1691321749762,56901,HTTP Request,200,OK,Evaly 1-54,text,true,,140055,114,10,10,https://evaly.com.bd/,2215,0,0
1691321792408,14257,HTTP Request,200,OK,Evaly 1-256,text,true,,140043,114,9,9,https://evaly.com.bd/,486,0,0
1691321754290,52440,HTTP Request,200,OK,Evaly 1-176,text,true,,140055,114,8,8,https://evaly.com.bd/,49878,0,48597
1691321805499,1283,HTTP Request,200,OK,Evaly 1-179,text,true,,140043,114,8,8,https://evaly.com.bd/,244,0,0
1691321805166,1659,HTTP Request,200,OK,Evaly 1-103,text,true,,140043,114,7,7,https://evaly.com.bd/,319,0,0
1691321762386,44648,HTTP Request,200,OK,Evaly 1-257,text,true,,140043,114,6,6,https://evaly.com.bd/,3069,0,2582
1691321754994,52254,HTTP Request,200,OK,Evaly 1-183,text,true,,140043,114,6,6,https://evaly.com.bd/,50220,0,3507
1691321806730,596,HTTP Request,200,OK,Evaly 1-176,text,true,,140043,114,6,6,https://evaly.com.bd/,95,0,0
1691321807035,780,HTTP Request,200,OK,Evaly 1-257,text,true,,140055,114,5,5,https://evaly.com.bd/,90,0,0
1691321807248,671,HTTP Request,200,OK,Evaly 1-183,text,true,,140043,114,4,4,https://evaly.com.bd/,95,0,0
1691321760986,48663,HTTP Request,200,OK,Evaly 1-243,text,true,,140055,114,3,3,https://evaly.com.bd/,47877,0,47725
1691321809649,637,HTTP Request,200,OK,Evaly 1-243,text,true,,140055,114,3,3,https://evaly.com.bd/,89,0,0
1691321748282,64448,HTTP Request,200,OK,Evaly 1-116,text,true,,140043,114,2,2,https://evaly.com.bd/,1641,0,963
1691321812730,915,HTTP Request,200,OK,Evaly 1-116,text,true,,140055,114,2,2,https://evaly.com.bd/,270,0,176
1691321753608,63764,HTTP Request,200,OK,Evaly 1-70,text,true,,140055,114,1,1,https://evaly.com.bd/,513,0,0
